Date,SMA_20avg,SMA_60avg,RSI_20,RSI_60,Upper_20,Middle_20,Lower_20,Upper_60,Middle_60,Lower_60
2023-01-03,236.4172,262.2730,32.7665,44.3314,270.7782,236.4172,202.0562,313.3669,262.2730,211.1791
2023-01-04,234.3734,261.4713,38.1935,45.6691,267.0958,234.3734,201.6509,313.5684,261.4713,209.3742
2023-01-05,232.4420,260.4957,36.4976,45.0668,264.5284,232.4420,200.3555,313.7012,260.4957,207.2902
2023-01-06,230.6796,259.6545,38.2604,45.5132,261.4589,230.6796,199.9004,313.8049,259.6545,205.5042
2023-01-09,229.1125,259.2077,39.6343,45.8617,258.2424,229.1125,199.9826,314.1419,259.2077,204.2735
2023-01-10,227.6780,258.6842,39.5950,45.8491,255.1959,227.6780,200.1600,314.4219,258.6842,202.9464
2023-01-11,226.5687,258.6756,46.6451,47.7040,250.9163,226.5687,202.2211,314.4280,258.6756,202.9231
2023-01-12,225.6629,258.6026,49.8796,48.6438,246.1128,225.6629,205.2130,314.4351,258.6026,202.7702
2023-01-13,225.4039,258.4534,49.4149,48.5131,244.9611,225.4039,205.8467,314.4340,258.4534,202.4729
2023-01-17,225.5313,258.2383,49.8366,48.6334,245.4570,225.5313,205.6057,314.3858,258.2383,202.0908
2023-01-18,225.5779,258.0537,50.2162,48.7392,245.6501,225.5779,205.5058,314.3439,258.0537,201.7635
2023-01-19,225.8640,257.5504,47.7713,48.0919,246.4154,225.8640,205.3126,314.0410,257.5504,201.0597
2023-01-20,226.6072,257.1928,52.6270,49.4571,248.9230,226.6072,204.2914,313.6899,257.1928,200.6957
2023-01-23,227.9958,256.8569,57.9565,51.1495,254.2562,227.9958,201.7354,313.0800,256.8569,200.6337
2023-01-24,229.9100,256.5743,59.5151,51.6844,260.0422,229.9100,199.7778,312.5131,256.5743,200.6355
2023-01-25,232.0924,256.3970,61.9191,52.5393,266.5150,232.0924,197.6698,312.1132,256.3970,200.6808
2023-01-26,235.3293,256.3929,64.8328,53.6449,273.6693,235.3293,196.9893,312.1029,256.3929,200.6829
2023-01-27,238.6847,256.4310,65.5758,53.9373,279.9831,238.6847,197.3862,312.2007,256.4310,200.6614
2023-01-30,241.3871,256.3226,59.8631,52.4923,283.3657,241.3871,199.4085,311.9633,256.3226,200.6819
2023-01-31,244.5893,256.5765,63.1487,53.7183,287.7890,244.5893,201.3896,312.4905,256.5765,200.6626
2023-02-01,248.1291,256.7714,64.5828,54.2821,291.8907,248.1291,204.3676,312.9768,256.7714,200.5660
2023-02-02,251.4300,256.8644,65.9163,54.8167,296.6483,251.4300,206.2117,313.2554,256.8644,200.4734
2023-02-03,254.8320,256.8844,64.1690,54.3725,299.3376,254.8320,210.3264,313.3141,256.8844,200.4547
2023-02-06,257.5672,256.4101,58.3583,52.8191,299.7812,257.5672,215.3531,311.7519,256.4101,201.0683
2023-02-07,260.3108,256.0747,59.3002,53.1496,300.0068,260.3108,220.6147,310.6646,256.0747,201.4847
2023-02-08,262.5046,255.2138,53.6502,51.5261,298.1318,262.5046,226.8773,307.4792,255.2138,202.9483
2023-02-09,264.0330,254.2643,53.2872,51.4177,297.2768,264.0330,230.7892,303.6239,254.2643,204.9046
2023-02-10,265.2764,253.4786,53.6778,51.5405,296.8210,265.2764,233.7318,300.5091,253.4786,206.4481
2023-02-13,266.6497,253.0581,54.4092,51.7666,296.0214,266.6497,237.2780,299.1131,253.0581,207.0031
2023-02-14,268.0195,252.8003,54.7622,51.8738,294.9339,268.0195,241.1052,298.3325,252.8003,207.2681
2023-02-15,269.4568,252.7308,55.7412,52.1672,293.5233,269.4568,245.3903,298.1420,252.7308,207.3197
2023-02-16,271.7626,252.8811,61.1715,53.9209,291.4143,271.7626,252.1109,298.6337,252.8811,207.1285
2023-02-17,272.2346,252.4778,47.8676,49.9158,289.7649,272.2346,254.7043,297.6895,252.4778,207.2661
2023-02-21,271.3085,251.8058,42.2456,47.8162,293.0967,271.3085,249.5203,296.5433,251.8058,207.0682
2023-02-22,270.4092,251.1946,44.1763,48.4332,294.9168,270.4092,245.9015,295.3157,251.1946,207.0735
2023-02-23,269.5599,250.8885,47.2364,49.4354,295.3887,269.5599,243.7311,294.7355,250.8885,207.0414
2023-02-24,268.0760,250.6215,45.6936,48.8702,295.3727,268.0760,240.7793,294.3548,250.6215,206.8882
2023-02-27,266.8515,250.4140,48.7457,49.8795,294.2147,266.8515,239.4882,293.9465,250.4140,206.8815
2023-02-28,265.9755,250.0302,47.7255,49.5203,294.0334,265.9755,237.9175,293.0857,250.0302,206.9747
2023-03-01,264.5471,249.6633,47.0863,49.2979,292.7014,264.5471,236.3928,292.3196,249.6633,207.0071
2023-03-02,262.7862,249.1108,46.2047,48.9949,290.3830,262.7862,235.1893,290.9588,249.1108,207.2628
2023-03-03,261.2602,249.0212,50.1155,50.2321,286.4486,261.2602,236.0718,290.7765,249.0212,207.2658
2023-03-06,259.7560,249.0100,49.0794,49.8926,282.6280,259.7560,236.8840,290.7588,249.0100,207.2611
2023-03-07,258.3723,248.8730,45.8638,48.8117,280.8615,258.3723,235.8831,290.5961,248.8730,207.1499
2023-03-08,257.0788,248.8340,47.8230,49.4184,278.0643,257.0788,236.0934,290.5443,248.8340,207.1237
2023-03-09,255.5221,248.5682,41.7853,47.2578,278.2141,255.5221,232.8301,290.4306,248.5682,206.7058
2023-03-10,253.4270,248.0096,38.2093,45.8231,279.6474,253.4270,227.2066,290.3129,248.0096,205.7063
2023-03-13,251.1811,247.3735,37.5857,45.5640,280.2424,251.1811,222.1199,290.1257,247.3735,204.6212
2023-03-14,248.9715,247.0084,38.7510,45.9084,279.3778,248.9715,218.5651,290.1951,247.0084,203.8216
2023-03-15,246.1803,246.5770,35.5226,44.5818,279.0827,246.1803,213.2779,290.6051,246.5770,202.5489
2023-03-16,243.3157,246.1168,35.8358,44.6723,277.2164,243.3157,209.4150,290.9466,246.1168,201.2870
2023-03-17,239.5111,245.7126,34.0841,43.9389,271.6865,239.5111,207.3356,291.4944,245.7126,199.9307
2023-03-20,237.3092,245.3836,36.5948,44.6501,270.7202,237.3092,203.8982,291.8469,245.3836,198.9204
2023-03-21,236.3863,245.2302,41.4448,46.0870,270.4713,236.3863,202.3014,291.9470,245.2302,198.5134
2023-03-22,234.9021,245.0738,39.2308,45.2497,270.0369,234.9021,199.7674,292.1346,245.0738,198.0129
2023-03-23,233.0277,244.8933,39.0793,45.1921,268.3764,233.0277,197.6790,292.3414,244.8933,197.4453
2023-03-24,231.4748,244.9600,40.1911,45.5144,266.8885,231.4748,196.0610,292.2359,244.9600,197.6842
2023-03-27,229.6041,245.0468,40.7679,45.6791,263.8140,229.6041,195.3942,292.1007,245.0468,197.9928
2023-03-28,227.8321,245.0649,40.4963,45.5866,260.8353,227.8321,194.8289,292.0743,245.0649,198.0555
2023-03-29,226.4557,245.1974,43.9363,46.5504,257.8172,226.4557,195.0942,291.9113,245.1974,198.4835
2023-03-30,225.0911,245.3355,43.0954,46.2831,254.8737,225.0911,195.3085,291.7119,245.3355,198.9590
2023-03-31,223.2112,245.3005,42.5020,46.0965,249.1542,223.2112,197.2682,291.7514,245.3005,198.8495
2023-04-03,221.3246,245.3042,41.3837,45.7469,242.9584,221.3246,199.6909,291.7459,245.3042,198.8625
2023-04-04,219.3941,245.1112,37.8273,44.5797,238.3120,219.3941,200.4762,292.0693,245.1112,198.1531
2023-04-05,216.6092,244.6663,33.4370,42.9617,232.1252,216.6092,201.0933,292.9743,244.6663,196.3583
2023-04-06,214.5415,244.1894,32.8043,42.7128,230.8396,214.5415,198.2433,293.9265,244.1894,194.4522
2023-04-10,213.3052,243.5884,36.0302,43.5547,230.5068,213.3052,196.1035,294.6308,243.5884,192.5460
2023-04-11,212.2688,242.9088,37.1971,43.8632,229.9567,212.2688,194.5809,295.1348,242.9088,190.6827
2023-04-12,211.1144,242.2452,37.1934,43.8619,228.7450,211.1144,193.4839,295.5927,242.2452,188.8977
2023-04-13,210.5685,241.5894,38.0611,44.0810,228.6531,210.5685,192.4839,295.9392,241.5894,187.2396
2023-04-14,210.0415,240.9380,38.7344,44.2482,228.4018,210.0415,191.6812,296.1944,240.9380,185.6815
2023-04-17,209.9129,240.3955,40.0509,44.5717,228.3891,209.9129,191.4366,296.4261,240.3955,184.3649
2023-04-18,209.5190,239.6876,39.7527,44.4846,228.1535,209.5190,190.8845,296.4658,239.6876,182.9094
2023-04-19,208.5678,238.7542,39.0294,44.2767,226.6000,208.5678,190.5356,296.1072,238.7542,181.4012
2023-04-20,207.4224,237.5779,34.2985,42.8112,226.6276,207.4224,188.2172,295.8346,237.5779,179.3212
2023-04-21,205.3418,235.9765,27.8963,40.3672,229.5241,205.3418,181.1594,295.9808,235.9765,175.9722
2023-04-24,203.6614,234.4041,34.6854,42.1441,229.1836,203.6614,178.1393,294.9587,234.4041,173.8494
2023-04-25,201.5644,232.6733,32.3901,41.2503,229.0334,201.5644,174.0954,293.9240,232.6733,171.4226
2023-04-26,199.7286,231.1787,35.1974,42.0279,227.8020,199.7286,171.6552,293.1170,231.1787,169.2404
2023-04-27,197.8183,229.6071,38.0597,42.8412,224.4673,197.8183,171.1693,291.3901,229.6071,167.8240
2023-04-28,195.9815,227.9529,37.8617,42.7726,221.0090,195.9815,170.9541,289.1897,227.9529,166.7162
2023-05-01,193.8075,226.0930,34.9577,41.7408,217.7899,193.8075,169.8250,286.7346,226.0930,165.4513
2023-05-02,191.5709,224.2172,33.6730,41.2626,214.8217,191.5709,168.3201,284.4400,224.2172,163.9943
2023-05-03,189.7500,222.5055,33.5089,41.2018,213.2141,189.7500,166.2859,282.7559,222.5055,162.2550
2023-05-04,188.7039,220.7973,35.3633,41.6903,212.9187,188.7039,164.4892,280.5830,220.7973,161.0116
2023-05-05,187.9599,219.3412,38.0513,42.4095,212.4653,187.9599,163.4545,278.9191,219.3412,159.7632
2023-05-08,187.2675,217.9999,41.9303,43.4910,211.3209,187.2675,163.2141,277.0150,217.9999,158.9847
2023-05-09,186.9426,216.7975,47.1653,45.0681,210.4483,186.9426,163.4369,274.7807,216.7975,158.8143
2023-05-10,186.5855,215.5571,46.8494,44.9775,209.4734,186.5855,163.6976,272.3071,215.5571,158.8072
2023-05-11,186.3625,214.3704,49.0323,45.6532,208.7394,186.3625,163.9856,269.6075,214.3704,159.1333
2023-05-12,185.9547,213.1040,47.6305,45.2683,207.4075,185.9547,164.5019,266.5936,213.1040,159.6144
2023-05-15,185.8479,211.7573,51.8551,46.6031,206.9480,185.8479,164.7479,262.0952,211.7573,161.4194
2023-05-16,185.8678,210.8987,52.8214,46.9207,207.0365,185.8678,164.6991,259.9412,210.8987,161.8561
2023-05-17,186.0769,210.3437,53.9958,47.3058,207.9664,186.0769,164.1874,258.8105,210.3437,161.8769
2023-05-18,186.9258,209.7501,55.0865,47.6636,210.8549,186.9258,162.9966,257.4012,209.7501,162.0990
2023-05-19,188.4357,208.9351,51.5055,46.7639,212.3701,188.4357,164.5013,255.3446,208.9351,162.5255
2023-05-22,189.5553,208.2305,52.7733,47.1618,214.3976,189.5553,164.7130,253.5530,208.2305,162.9079
2023-05-23,191.5127,207.5604,57.5327,48.7483,217.7451,191.5127,165.2804,251.2663,207.5604,163.8545
2023-05-24,193.0540,206.8715,55.1838,48.1583,220.0123,193.0540,166.0956,249.0191,206.8715,164.7240
2023-05-25,193.9962,206.0901,51.0369,47.0630,221.0478,193.9962,166.9446,246.6827,206.0901,165.4975
2023-05-26,194.9166,205.3297,50.4977,46.9165,221.8293,194.9166,168.0039,244.4151,205.3297,166.2443
2023-05-30,196.1380,204.3856,49.3059,46.5960,221.7075,196.1380,170.5685,241.0793,204.3856,167.6918
2023-05-31,197.1378,203.3444,44.9398,45.3634,220.3485,197.1378,173.9272,237.7395,203.3444,168.9494
2023-06-01,198.2619,202.4687,46.1510,45.7158,218.4267,198.2619,178.0970,235.0202,202.4687,169.9171
2023-06-02,199.8866,201.7332,53.0802,47.8954,217.1565,199.8866,182.6166,231.7511,201.7332,171.7153
2023-06-05,201.2013,201.2342,51.8798,47.5636,215.5126,201.2013,186.8900,230.0100,201.2342,172.4585
2023-06-06,202.5538,201.0421,55.2553,48.7086,215.3901,202.5538,189.7175,229.3786,201.0421,172.7057
2023-06-07,203.7285,200.9800,57.8180,49.6289,217.4448,203.7285,190.0122,229.1560,200.9800,172.8039
2023-06-08,204.9757,200.8919,58.1713,49.7574,219.1727,204.9757,190.7787,228.8183,200.8919,172.9655
2023-06-09,206.0674,200.9995,58.5731,49.9003,221.0440,206.0674,191.0909,229.1541,200.9995,172.8449
2023-06-12,207.1979,201.0647,57.2895,49.5825,221.9213,207.1979,192.4745,229.3498,201.0647,172.7796
2023-06-13,208.4446,201.4018,61.9282,51.2502,225.3883,208.4446,191.5009,230.4393,201.4018,172.3643
2023-06-14,209.4942,201.6270,60.5505,50.9094,227.8271,209.4942,191.1612,231.1880,201.6270,172.0659
2023-06-15,210.6524,201.7657,62.4833,51.6291,230.9352,210.6524,190.3697,231.7725,201.7657,171.7589
2023-06-16,211.5676,201.9719,60.5818,51.1649,233.0415,211.5676,190.0938,232.4966,201.9719,171.4473
2023-06-20,212.9818,202.2531,62.3639,51.8162,235.6522,212.9818,190.3115,233.5253,202.2531,170.9809
2023-06-21,214.1878,202.4682,61.0441,51.4988,237.6137,214.1878,190.7618,234.2977,202.4682,170.6386
2023-06-22,214.7004,202.5925,57.9700,50.7465,238.5879,214.7004,190.8129,234.7120,202.5925,170.4731
2023-06-23,215.1142,202.6323,54.1554,49.7641,239.0058,215.1142,191.2227,234.8274,202.6323,170.4372
2023-06-26,216.1394,202.6513,56.7497,50.6062,239.7271,216.1394,192.5517,234.8959,202.6513,170.4068
2023-06-27,217.3053,202.7345,57.6751,50.9133,240.4094,217.3053,194.2013,235.1926,202.7345,170.2764
2023-06-28,218.0760,202.6738,51.3765,49.2192,239.8817,218.0760,196.2703,235.0192,202.6738,170.3284
2023-06-29,219.3590,202.6892,52.4512,49.5548,237.6763,219.3590,201.0416,235.0627,202.6892,170.3157
2023-06-30,220.7465,202.9195,54.6419,50.2490,234.9982,220.7465,206.4949,235.6406,202.9195,170.1983
2023-07-03,221.8044,203.4649,57.7200,51.2726,234.9070,221.8044,208.7017,236.7536,203.4649,170.1763
2023-07-05,222.9590,204.0401,57.5600,51.2309,233.7295,222.9590,212.1885,237.8018,204.0401,170.2783
2023-07-06,223.6968,204.5060,56.5633,50.9762,233.2326,223.6968,214.1611,238.7178,204.5060,170.2943
2023-07-07,224.6461,205.1057,61.3925,52.6201,235.2007,224.6461,214.0915,240.2556,205.1057,169.9559
2023-07-10,225.6720,205.7444,62.4266,52.9970,237.4293,225.6720,213.9148,241.9047,205.7444,169.5841
2023-07-11,226.6160,206.3486,61.8528,52.8563,239.1016,226.6160,214.1303,243.4165,206.3486,169.2808
2023-07-12,227.8732,207.0086,63.8300,53.5647,241.3034,227.8732,214.4430,245.1832,207.0086,168.8340
2023-07-13,228.5308,207.6078,62.4437,53.2337,243.0364,228.5308,214.0251,246.7254,207.6078,168.4901
2023-07-14,228.9717,208.1112,57.6761,52.0511,243.5936,228.9717,214.3498,247.7991,208.1112,168.4234
2023-07-17,229.3075,208.6790,58.9094,52.4522,244.2925,229.3075,214.3226,248.9954,208.6790,168.3626
2023-07-18,229.7484,209.4139,58.4369,52.3348,244.9594,229.7484,214.5374,250.0771,209.4139,168.7507
2023-07-19,229.7633,210.3936,55.1064,51.4959,244.9801,229.7633,214.5465,250.2872,210.3936,170.5001
2023-07-20,229.4016,211.0482,48.9761,49.8021,244.9890,229.4016,213.8141,250.3906,211.0482,171.7058
2023-07-21,228.9035,211.7056,44.9898,48.5727,245.6300,228.9035,212.1771,249.9525,211.7056,173.4586
2023-07-24,228.4368,212.2017,42.3452,47.6998,246.6828,228.4368,210.1908,249.5526,212.2017,174.8508
2023-07-25,227.8044,212.6467,43.4971,48.0129,247.4297,227.8044,208.1791,249.3096,212.6467,175.9838
2023-07-26,226.9561,213.0593,42.2047,47.5911,248.2249,226.9561,205.6873,248.9837,213.0593,177.1350
2023-07-27,226.4063,213.5401,40.1519,46.9061,249.2927,226.4063,203.5198,248.2237,213.5401,178.8565
2023-07-28,225.8625,214.1197,41.6922,47.3041,250.0126,225.8625,201.7123,247.1470,214.1197,181.0925
2023-07-31,225.3246,214.7777,44.7094,48.1009,250.2613,225.3246,200.3879,245.9231,214.7777,183.6322
2023-08-01,224.2663,215.3191,42.3689,47.3622,250.4029,224.2663,198.1297,244.7251,215.3191,185.9130
2023-08-02,222.9662,215.7088,39.7639,46.4990,250.7831,222.9662,195.1492,243.7410,215.7088,187.6767
2023-08-03,221.5621,215.9376,38.0545,45.9083,251.3008,221.5621,191.8233,243.1648,215.9376,188.7104
2023-08-04,219.6997,216.0248,38.6350,46.0540,250.1550,219.6997,189.2444,243.0012,216.0248,189.0483
2023-08-07,217.5548,216.0675,36.9882,45.4916,248.3989,217.5548,186.7106,242.9071,216.0675,189.2279
2023-08-08,215.3934,216.0256,36.4495,45.3063,246.2840,215.3934,184.5027,242.9904,216.0256,189.0608
2023-08-09,212.9444,216.0052,35.7374,45.0637,242.6742,212.9444,183.2146,243.0370,216.0052,188.9734
2023-08-10,210.4566,215.8107,34.4732,44.6302,238.8473,210.4566,182.0660,243.3935,215.8107,188.2279
2023-08-11,208.0793,215.5150,32.4900,43.9259,236.1061,208.0793,180.0524,243.9515,215.5150,187.0786
2023-08-14,205.4860,215.1487,31.5974,43.5995,232.0757,205.4860,178.8963,244.5832,215.1487,185.7141
2023-08-15,202.8495,214.7218,30.9097,43.3475,227.2300,202.8495,178.4689,245.2380,214.7218,184.2057
2023-08-16,200.3124,214.3525,29.7686,42.9253,222.7723,200.3124,177.8525,245.9538,214.3525,182.7512
2023-08-17,198.3008,213.9634,30.9972,43.1831,219.8102,198.3008,176.7914,246.5682,213.9634,181.3586
2023-08-18,196.6788,213.4276,31.7728,43.3438,217.8155,196.6788,175.5420,247.0120,213.4276,179.8431
2023-08-21,195.5478,213.0330,36.7090,44.3980,216.1761,195.5478,174.9195,247.2802,213.0330,178.7857
2023-08-22,194.3363,212.7600,36.8015,44.4182,213.9001,194.3363,174.7724,247.5596,212.7600,177.9605
2023-08-23,193.4287,212.5634,40.4865,45.2330,211.8385,193.4287,175.0189,247.7210,212.5634,177.4058
2023-08-24,192.6719,212.3847,39.7850,45.0401,210.3562,192.6719,174.9877,247.8923,212.3847,176.8772
2023-08-25,191.7609,212.3274,39.0992,44.8531,208.2273,191.7609,175.2945,247.9756,212.3274,176.6792
2023-08-28,190.6344,212.2352,39.0284,44.8341,204.4914,190.6344,176.7775,248.0981,212.2352,176.3723
2023-08-29,190.1249,212.0652,47.1925,46.6903,202.1726,190.1249,178.0773,248.1222,212.0652,176.0082
2023-08-30,189.9110,211.9454,47.9523,46.8785,201.2456,189.9110,178.5764,248.1455,211.9454,175.7453
2023-08-31,189.8791,211.7127,48.0647,46.9058,201.1216,189.8791,178.6367,248.0951,211.7127,175.3302
2023-09-01,189.8876,211.4111,49.5458,47.2610,201.1581,189.8876,178.6171,247.9007,211.4111,174.9216
2023-09-05,190.0891,211.1053,50.0680,47.3858,201.9053,190.0891,178.2729,247.6707,211.1053,174.5399
2023-09-06,189.7995,210.6030,40.9948,45.1785,201.4326,189.7995,178.1665,247.5445,210.6030,173.6614
2023-09-07,189.4687,210.0954,39.4447,44.7419,201.0643,189.4687,177.8730,247.4995,210.0954,172.6913
2023-09-08,189.1084,209.3653,37.3777,44.1391,200.9691,189.1084,177.2477,247.1034,209.3653,171.6271
2023-09-11,189.0502,208.7004,39.3901,44.5960,200.9714,189.0502,177.1291,246.6968,208.7004,170.7040
2023-09-12,188.9910,207.9282,38.0485,44.2127,201.0107,188.9910,176.9713,246.0625,207.9282,169.7939
2023-09-13,189.0179,207.2052,38.3067,44.2696,200.9874,189.0179,177.0483,245.5060,207.2052,168.9045
2023-09-14,189.2089,206.4282,39.2227,44.4673,200.7521,189.2089,177.6658,244.6511,206.4282,168.2053
2023-09-15,189.2864,205.6629,38.3633,44.2385,200.6486,189.2864,177.9243,243.8658,205.6629,167.4601
2023-09-18,189.2179,204.9334,36.7003,43.7883,200.7582,189.2179,177.6776,243.3107,204.9334,166.5561
2023-09-19,188.8353,204.2733,35.5106,43.4581,201.1086,188.8353,176.5619,243.0137,204.2733,165.5329
2023-09-20,188.1714,203.4374,31.8143,42.3522,202.0494,188.1714,174.2933,242.5910,203.4374,164.2837
2023-09-21,187.0531,202.4793,28.6982,41.2932,203.2931,187.0531,170.8132,242.1907,202.4793,162.7679
2023-09-22,185.9502,201.6762,28.3107,41.1543,204.1677,185.9502,167.7328,242.2070,201.6762,161.1453
2023-09-25,184.8313,200.8182,27.6015,40.9013,204.8664,184.8313,164.7961,242.1103,200.8182,159.5261
2023-09-26,183.5557,199.8383,25.9236,40.2832,205.5885,183.5557,161.5229,241.8574,199.8383,157.8191
2023-09-27,181.8258,198.7390,25.4117,40.0892,204.8436,181.8258,158.8081,241.1878,198.7390,156.2903
2023-09-28,180.5413,197.8061,37.7967,42.7733,202.7430,180.5413,158.3395,240.1103,197.8061,155.5020
2023-09-29,179.1331,196.8581,36.2655,42.3077,200.3436,179.1331,157.9226,239.1008,196.8581,154.6153
2023-10-02,177.2673,195.6182,31.8716,40.8458,197.6072,177.2673,156.9274,237.5162,195.6182,153.7202
2023-10-03,175.0934,194.2458,29.1258,39.8117,194.6042,175.0934,155.5826,235.8040,194.2458,152.6876
2023-10-04,173.5466,192.9132,30.9359,40.2562,193.3362,173.5466,153.7570,233.9077,192.9132,151.9186
2023-10-05,171.9443,191.4524,29.3070,39.6407,192.4076,171.9443,151.4809,231.5469,191.4524,151.3579
2023-10-06,170.7380,190.1010,34.4895,40.9513,191.1719,170.7380,150.3041,228.9396,190.1010,151.2624
2023-10-09,169.2337,188.7877,32.3658,40.1965,189.5551,169.2337,148.9123,226.9058,188.7877,150.6697
2023-10-10,168.1431,187.5400,38.5320,41.8824,187.6194,168.1431,148.6667,224.2026,187.5400,150.8774
2023-10-11,167.1766,186.3480,40.9665,42.5896,185.3481,167.1766,149.0052,221.2562,186.3480,151.4398
2023-10-12,166.4701,185.3305,45.9381,44.1151,182.9147,166.4701,150.0255,218.4413,185.3305,152.2197
2023-10-13,165.4499,184.3457,41.3995,42.6885,180.0054,165.4499,150.8943,216.5350,184.3457,152.1564
2023-10-16,164.7573,183.5513,44.7670,43.7725,177.4646,164.7573,152.0499,215.0264,183.5513,152.0762
2023-10-17,164.2332,182.8721,46.0792,44.2043,175.2127,164.2332,153.2537,213.8090,182.8721,151.9352
2023-10-18,163.1587,181.8888,37.2486,41.1575,174.3239,163.1587,151.9934,212.8776,181.8888,150.8999
2023-10-19,161.9430,180.8083,33.8228,39.7582,175.5535,161.9430,148.3325,212.4553,180.8083,149.1613
2023-10-20,160.4705,179.6976,31.6592,38.8110,177.2520,160.4705,143.6890,212.5338,179.6976,146.8613
2023-10-23,158.9442,178.5121,30.8124,38.4310,178.5875,158.9442,139.3009,212.4330,178.5121,144.5913
2023-10-24,157.7270,177.3057,33.1344,39.1779,179.1043,157.7270,136.3498,211.6307,177.3057,142.9808
2023-10-25,156.3653,176.1053,31.6535,38.5481,179.8035,156.3653,132.9270,211.2246,176.1053,140.9861
2023-10-26,154.5109,174.9877,31.6118,38.5304,178.5903,154.5109,130.4314,211.0090,174.9877,138.9664
2023-10-27,152.7357,173.9160,31.3076,38.4050,177.3401,152.7357,128.1314,210.9035,173.9160,136.9285
2023-10-30,150.9905,172.7151,28.6578,37.2788,177.5985,150.9905,124.3826,211.0079,172.7151,134.4223
2023-10-31,149.4951,171.5592,28.4309,37.1794,178.0245,149.4951,120.9658,211.1610,171.5592,131.9574
2023-11-01,147.7280,170.3580,27.0627,36.5783,178.2483,147.7280,117.2076,211.4250,170.3580,129.2911
2023-11-02,146.2116,169.2082,28.6336,37.0282,178.1929,146.2116,114.2304,211.4900,169.2082,126.9263
2023-11-03,144.6230,168.1565,31.7650,37.9347,176.9797,144.6230,112.2662,211.3733,168.1565,124.9397
2023-11-06,142.8134,167.0324,28.4348,36.5770,176.5907,142.8134,109.0362,211.7565,167.0324,122.3084
2023-11-07,140.8204,165.9848,30.8097,37.2869,174.6237,140.8204,107.0171,211.9385,165.9848,120.0311
2023-11-08,138.5372,164.9106,29.6002,36.7969,171.8401,138.5372,105.2342,212.2039,164.9106,117.6172
2023-11-09,135.7348,163.8046,27.9566,36.1104,167.2483,135.7348,104.2214,212.6525,163.8046,114.9567
2023-11-10,133.4212,162.7192,30.1596,36.7580,163.3628,133.4212,103.4795,212.7993,162.7192,112.6390
2023-11-13,130.7515,161.5756,29.0630,36.3191,157.4950,130.7515,104.0080,212.9151,161.5756,110.2360
2023-11-14,128.5495,160.5393,38.4593,39.2610,148.7893,128.5495,108.3098,212.2805,160.5393,108.7982
2023-11-15,127.2945,159.5415,40.2556,39.8701,144.2994,127.2945,110.2896,211.4932,159.5415,107.5899
2023-11-16,126.1995,158.3985,37.7793,39.0211,141.4477,126.1995,110.9512,210.5624,158.3985,106.2347
2023-11-17,125.6365,157.3524,41.3332,40.2320,139.8526,125.6365,111.4205,209.4722,157.3524,105.2327
2023-11-20,125.3413,156.3723,43.4417,40.9711,138.9231,125.3413,111.7596,208.3002,156.3723,104.4444
2023-11-21,124.6876,155.3235,41.2207,40.2502,136.7809,124.6876,112.5944,207.1380,155.3235,103.5089
2023-11-22,124.2523,154.1478,41.5627,40.3662,135.4286,124.2523,113.0760,205.3435,154.1478,102.9521
2023-11-24,123.9362,152.9961,43.2844,40.9443,134.2186,123.9362,113.6538,203.3300,152.9961,102.6622
2023-11-27,123.2551,151.7079,38.9934,39.5605,132.5154,123.2551,113.9947,201.3468,151.7079,102.0691
2023-11-28,123.0805,150.4461,41.3609,40.3537,132.1775,123.0805,113.9836,199.0213,150.4461,101.8710
2023-11-29,122.9110,149.1665,41.0768,40.2627,131.8771,122.9110,113.9449,196.5009,149.1665,101.8321
2023-11-30,122.8267,148.0338,39.9274,39.8984,131.8336,122.8267,113.8198,194.7593,148.0338,101.3083
2023-12-01,122.9035,147.0198,43.7660,41.1531,131.9845,122.9035,113.8225,192.9833,147.0198,101.0563
2023-12-04,122.5046,145.9552,40.3371,40.0778,131.4195,122.5046,113.5898,191.4434,145.9552,100.4670
2023-12-05,122.1955,144.7475,37.0174,38.9524,131.9462,122.1955,112.4448,189.8274,144.7475,99.6677
2023-12-06,122.0055,143.6563,40.8599,40.2325,131.9280,122.0055,112.0830,188.1012,143.6563,99.2114
2023-12-07,122.3216,142.6785,45.7345,41.9637,132.2036,122.3216,112.4396,186.1288,142.6785,99.2282
2023-12-08,122.9893,141.7314,47.4421,42.5968,132.4029,122.9893,113.5757,183.9572,141.7314,99.5056
2023-12-11,123.4660,140.7790,46.5944,42.3388,132.5075,123.4660,114.4245,181.7678,140.7790,99.7903
2023-12-12,124.1516,139.8868,47.5469,42.6797,132.2066,124.1516,116.0966,179.6357,139.8868,100.1378
2023-12-13,124.8866,139.2231,54.8804,45.5156,135.4125,124.8866,114.3607,177.6108,139.2231,100.8354
2023-12-14,125.8125,138.7552,58.0536,46.8891,139.7538,125.8125,111.8713,176.1082,138.7552,101.4022
2023-12-15,127.0523,138.3983,58.6304,47.1443,143.6651,127.0523,110.4395,175.0103,138.3983,101.7863
2023-12-18,127.9957,138.0343,57.8080,46.9189,146.5307,127.9957,109.4607,173.8984,138.0343,102.1701
2023-12-19,128.9420,137.7425,59.3828,47.5880,149.6014,128.9420,108.2827,172.9568,137.7425,102.5283
2023-12-20,129.7793,137.3980,54.8185,46.3295,151.2021,129.7793,108.3565,172.0084,137.3980,102.7876
2023-12-21,130.7396,137.1191,56.4270,46.9801,153.1419,130.7396,108.3373,171.1915,137.1191,103.0466
2023-12-22,131.8182,136.7551,58.8758,47.9986,155.7161,131.8182,107.9203,169.7829,136.7551,103.7273
2023-12-26,133.4152,136.4687,60.0474,48.4974,158.3090,133.4152,108.5215,168.6400,136.4687,104.2973
2023-12-27,134.7027,136.2579,57.7363,47.8741,160.0853,134.7027,109.3200,167.9200,136.2579,104.5958
2023-12-28,136.0220,136.1427,57.7976,47.8985,161.5858,136.0220,110.4583,167.5611,136.1427,104.7244
2023-12-29,137.1991,135.9179,54.0841,46.8940,162.0339,137.1991,112.3643,166.8984,135.9179,104.9374
